Country,Stadium,Players,Mat,Runs,HS,Bat Av,100,Wkts,Bowl Av,Ct,St
AUS,Adelaide Oval,MS Dhoni,4,175,58,175,0,0,0,6,1
AUS,Adelaide Oval,RA Jadeja,4,18,12,6,0,2,106.5,2,0
AUS,Adelaide Oval,V Kohli,4,244,107,61,2,0,0,4,0
AUS,Adelaide Oval,RG Sharma,4,106,43,26.5,0,0,0,0,0
AUS,Adelaide Oval,R Ashwin,3,16,14,16,0,3,39.33,0,0
AUS,Adelaide Oval,SK Raina,3,120,74,40,0,0,0,2,0
AUS,Adelaide Oval,UT Yadav,3,0,0,0,0,4,37.5,2,0
AUS,Adelaide Oval,S Dhawan,2,105,73,52.5,0,0,0,2,0
AUS,Adelaide Oval,G Gambhir,2,183,92,91.5,0,0,0,2,0
AUS,Adelaide Oval,Mohammed Shami,2,3,3,0,0,7,13.28,0,0
AUS,Adelaide Oval,R Vinay Kumar,2,1,1,1,0,5,20.8,1,0
AUS,Adelaide Oval,KD Karthik,1,25,25,0,0,0,0,1,0
AUS,Adelaide Oval,Z Khan,1,0,0,0,0,1,46,0,0
AUS,Adelaide Oval,Kuldeep Yadav,1,0,0,0,0,0,0,0,0
AUS,Adelaide Oval,B Kumar,1,0,0,0,0,4,11.25,0,0
AUS,Adelaide Oval,Mohammed Siraj,1,0,0,0,0,0,0,0,0
AUS,Adelaide Oval,IK Pathan,1,8,8,8,0,1,38,0,0
AUS,Adelaide Oval,AM Rahane,1,0,0,0,0,0,0,1,0
AUS,Adelaide Oval,AT Rayudu,1,24,24,24,0,0,0,0,0
AUS,Adelaide Oval,V Sehwag,1,20,20,20,0,0,0,1,0
AUS,Adelaide Oval,MM Sharma,1,0,0,0,0,2,17.5,0,0
AUS,Adelaide Oval,SR Tendulkar,1,15,15,15,0,0,0,0,0
AUS,Brisbane Cricket Ground,V Kohli,4,141,66,35.25,0,0,0,3,0
AUS,Brisbane Cricket Ground,UT Yadav,4,6,6,0,0,2,110,0,0
AUS,Brisbane Cricket Ground,MS Dhoni,3,101,56,33.66,0,0,0,0,0
AUS,Brisbane Cricket Ground,RA Jadeja,3,40,18,13.33,0,1,93,0,0
AUS,Brisbane Cricket Ground,SK Raina,3,61,32,20.33,0,1,61,2,0
AUS,Brisbane Cricket Ground,R Ashwin,2,6,5,3,0,2,55,0,0
AUS,Brisbane Cricket Ground,S Dhawan,2,7,6,3.5,0,0,0,0,0
AUS,Brisbane Cricket Ground,G Gambhir,2,34,29,17,0,0,0,0,0
AUS,Brisbane Cricket Ground,IK Pathan,2,66,47,33,0,5,23,1,0
AUS,Brisbane Cricket Ground,AM Rahane,2,122,89,61,0,0,0,1,0
AUS,Brisbane Cricket Ground,RG Sharma,2,124,124,62,1,1,17,1,0
AUS,Brisbane Cricket Ground,SR Tendulkar,2,25,22,12.5,0,0,0,2,0
AUS,Brisbane Cricket Ground,R Vinay Kumar,2,6,6,3,0,0,0,0,0
AUS,Brisbane Cricket Ground,STR Binny,1,44,44,44,0,1,34,0,0
AUS,Brisbane Cricket Ground,Z Khan,1,9,9,9,0,1,46,0,0
AUS,Brisbane Cricket Ground,B Kumar,1,5,5,5,0,0,0,0,0
AUS,Brisbane Cricket Ground,Mohammed Shami,1,1,1,1,0,0,0,0,0
AUS,Brisbane Cricket Ground,MK Pandey,1,6,6,6,0,0,0,0,0
AUS,Brisbane Cricket Ground,AR Patel,1,0,0,0,0,0,0,0,0
AUS,Brisbane Cricket Ground,PA Patel,1,4,4,4,0,0,0,1,0
AUS,Brisbane Cricket Ground,AT Rayudu,1,23,23,23,0,0,0,0,0
AUS,Brisbane Cricket Ground,V Sehwag,1,0,0,0,0,0,0,1,0
AUS,Brisbane Cricket Ground,I Sharma,1,0,0,0,0,1,60,0,0
AUS,Brisbane Cricket Ground,BB Sran,1,0,0,0,0,0,0,0,0
AUS,Melbourne Cricket Ground,MS Dhoni,6,182,87,36.4,0,0,0,8,2
AUS,Melbourne Cricket Ground,V Kohli,6,252,117,42,1,0,0,3,0
AUS,Melbourne Cricket Ground,RG Sharma,6,311,138,51.83,2,1,17,1,0
AUS,Melbourne Cricket Ground,S Dhawan,5,260,137,52,1,0,0,5,0
AUS,Melbourne Cricket Ground,RA Jadeja,5,50,23,25,0,5,44.4,0,0
AUS,Melbourne Cricket Ground,R Ashwin,4,27,14,27,0,4,43.25,3,0
AUS,Melbourne Cricket Ground,Mohammed Shami,4,6,4,0,0,7,22.57,3,0
AUS,Melbourne Cricket Ground,AM Rahane,4,160,79,40,0,0,0,1,0
AUS,Melbourne Cricket Ground,SK Raina,4,126,65,31.5,0,0,0,3,0
AUS,Melbourne Cricket Ground,UT Yadav,4,0,0,0,0,8,23.5,0,0
AUS,Melbourne Cricket Ground,B Kumar,2,0,0,0,0,3,24,2,0
AUS,Melbourne Cricket Ground,MM Sharma,2,0,0,0,0,3,22.33,0,0
AUS,Melbourne Cricket Ground,YS Chahal,1,0,0,0,0,6,7,1,0
AUS,Melbourne Cricket Ground,R Dhawan,1,3,3,0,0,0,0,0,0
AUS,Melbourne Cricket Ground,G Gambhir,1,5,5,5,0,0,0,0,0
AUS,Melbourne Cricket Ground,Gurkeerat Singh,1,8,8,8,0,0,0,0,0
AUS,Melbourne Cricket Ground,KM Jadhav,1,61,61,0,0,0,0,1,0
AUS,Melbourne Cricket Ground,KD Karthik,1,0,0,0,0,0,0,0,0
AUS,Melbourne Cricket Ground,P Kumar,1,15,15,15,0,0,0,0,0
AUS,Melbourne Cricket Ground,AR Patel,1,0,0,0,0,1,45,0,0
AUS,Melbourne Cricket Ground,V Shankar,1,0,0,0,0,0,0,1,0
AUS,Melbourne Cricket Ground,I Sharma,1,0,0,0,0,2,26.5,0,0
AUS,Melbourne Cricket Ground,R Sharma,1,1,1,1,0,1,44,1,0
AUS,Melbourne Cricket Ground,BB Sran,1,0,0,0,0,0,0,0,0
AUS,Melbourne Cricket Ground,SR Tendulkar,1,2,2,2,0,0,0,0,0
AUS,Melbourne Cricket Ground,R Vinay Kumar,1,12,12,0,0,3,7,0,0
AUS,Sydney Cricket Ground,RA Jadeja,7,81,25,16.2,0,2,162,3,0
AUS,Sydney Cricket Ground,V Kohli,7,146,89,24.33,0,0,0,3,0
AUS,Sydney Cricket Ground,S Dhawan,6,235,78,39.16,0,0,0,3,0
AUS,Sydney Cricket Ground,MS Dhoni,5,164,65,41,0,0,0,3,1
AUS,Sydney Cricket Ground,Mohammed Shami,5,16,13,5.33,0,4,61.5,2,0
AUS,Sydney Cricket Ground,JJ Bumrah,3,0,0,0,0,4,48,0,0
AUS,Sydney Cricket Ground,SK Raina,3,15,8,7.5,0,0,0,1,0
AUS,Sydney Cricket Ground,RG Sharma,3,266,133,88.66,1,0,0,4,0
AUS,Sydney Cricket Ground,UT Yadav,3,0,0,0,0,7,27.57,1,0
AUS,Sydney Cricket Ground,MA Agarwal,2,50,28,25,0,0,0,1,0
AUS,Sydney Cricket Ground,R Ashwin,2,31,26,15.5,0,1,87,0,0
AUS,Sydney Cricket Ground,YS Chahal,2,4,4,0,0,1,160,0,0
AUS,Sydney Cricket Ground,SS Iyer,2,40,38,20,0,0,0,0,0
AUS,Sydney Cricket Ground,HH Pandya,2,118,90,59,0,1,24,0,0
AUS,Sydney Cricket Ground,AM Rahane,2,72,44,72,0,0,0,2,0
AUS,Sydney Cricket Ground,KL Rahul,2,88,76,44,0,0,0,3,0
AUS,Sydney Cricket Ground,AT Rayudu,2,23,23,11.5,0,0,0,0,0
AUS,Sydney Cricket Ground,NA Saini,2,39,29,0,0,1,153,0,0
AUS,Sydney Cricket Ground,I Sharma,2,0,0,0,0,2,30,1,0
AUS,Sydney Cricket Ground,KK Ahmed,1,0,0,0,0,0,0,0,0
AUS,Sydney Cricket Ground,STR Binny,1,0,0,0,0,0,0,0,0
AUS,Sydney Cricket Ground,R Dhawan,1,0,0,0,0,1,74,0,0
AUS,Sydney Cricket Ground,G Gambhir,1,23,23,23,0,0,0,0,0
AUS,Sydney Cricket Ground,Gurkeerat Singh,1,0,0,0,0,0,0,0,0
AUS,Sydney Cricket Ground,KD Karthik,1,12,12,12,0,0,0,0,0
AUS,Sydney Cricket Ground,Kuldeep Yadav,1,3,3,3,0,2,27,0,0
AUS,Sydney Cricket Ground,B Kumar,1,29,29,0,0,2,33,0,0
AUS,Sydney Cricket Ground,P Kumar,1,1,1,1,0,2,18.5,0,0
AUS,Sydney Cricket Ground,MK Pandey,1,104,104,0,1,0,0,0,0
AUS,Sydney Cricket Ground,AR Patel,1,0,0,0,0,0,0,0,0
AUS,Sydney Cricket Ground,IK Pathan,1,22,22,22,0,0,0,0,0
AUS,Sydney Cricket Ground,V Sehwag,1,5,5,5,0,3,14.33,0,0
AUS,Sydney Cricket Ground,MM Sharma,1,0,0,0,0,2,37.5,0,0
AUS,Sydney Cricket Ground,SR Tendulkar,1,14,14,14,0,0,0,0,0
AUS,W A C A Ground,MS Dhoni,5,84,45,28,0,0,0,5,2
AUS,W A C A Ground,RA Jadeja,5,52,24,26,0,5,42.8,1,0
AUS,W A C A Ground,V Kohli,5,242,91,60.5,0,0,0,5,0
AUS,W A C A Ground,R Ashwin,4,46,30,0,0,10,16.3,0,0
AUS,W A C A Ground,S Dhawan,4,70,38,17.5,0,0,0,3,0
AUS,W A C A Ground,AM Rahane,4,87,73,43.5,0,0,0,0,0
AUS,W A C A Ground,SK Raina,4,47,24,15.66,0,0,0,3,0
AUS,W A C A Ground,RG Sharma,4,245,171,122.5,1,0,0,2,0
AUS,W A C A Ground,MM Sharma,3,7,7,0,0,4,21.75,1,0
AUS,W A C A Ground,UT Yadav,3,0,0,0,0,4,27.75,2,0
AUS,W A C A Ground,B Kumar,2,0,0,0,0,1,61,1,0
AUS,W A C A Ground,Mohammed Shami,2,25,25,25,0,4,16.5,1,0
AUS,W A C A Ground,STR Binny,1,7,7,7,0,3,11,2,0
AUS,W A C A Ground,Z Khan,1,0,0,0,0,2,22,0,0
AUS,W A C A Ground,P Kumar,1,0,0,0,0,0,0,0,0
AUS,W A C A Ground,MK Pandey,1,0,0,0,0,0,0,0,0
AUS,W A C A Ground,AR Patel,1,1,1,1,0,1,39,0,0
AUS,W A C A Ground,AT Rayudu,1,12,12,12,0,0,0,2,0
AUS,W A C A Ground,V Sehwag,1,10,10,10,0,0,0,0,0
AUS,W A C A Ground,BB Sran,1,0,0,0,0,3,18.66,1,0
AUS,W A C A Ground,SR Tendulkar,1,48,48,48,0,0,0,1,0
AUS,W A C A Ground,R Vinay Kumar,1,0,0,0,0,1,56,0,0
BDESH,Khan Shaheb Osman Ali Stadium,R Ashwin,2,18,18,18,0,3,30.66,2,0
BDESH,Khan Shaheb Osman Ali Stadium,S Dhawan,2,122,94,61,0,0,0,0,0
BDESH,Khan Shaheb Osman Ali Stadium,RA Jadeja,2,22,22,0,0,3,22.33,0,0
BDESH,Khan Shaheb Osman Ali Stadium,KD Karthik,2,6,4,6,0,0,0,2,1
BDESH,Khan Shaheb Osman Ali Stadium,V Kohli,2,184,136,92,1,0,0,0,0
BDESH,Khan Shaheb Osman Ali Stadium,B Kumar,2,0,0,0,0,1,86,0,0
BDESH,Khan Shaheb Osman Ali Stadium,Mohammed Shami,2,14,14,0,0,7,18.71,1,0
BDESH,Khan Shaheb Osman Ali Stadium,AM Rahane,2,95,73,47.5,0,0,0,0,0
BDESH,Khan Shaheb Osman Ali Stadium,AT Rayudu,2,27,18,27,0,0,0,0,0
BDESH,Khan Shaheb Osman Ali Stadium,RG Sharma,2,34,21,17,0,0,0,3,0
BDESH,Khan Shaheb Osman Ali Stadium,VR Aaron,1,0,0,0,0,1,74,1,0
BDESH,Khan Shaheb Osman Ali Stadium,STR Binny,1,0,0,0,0,0,0,0,0
BDESH,Shere Bangla National Stadium,SK Raina,9,272,51,45.33,0,4,50.5,5,0
BDESH,Shere Bangla National Stadium,R Ashwin,8,13,9,4.33,0,17,20.23,2,0
BDESH,Shere Bangla National Stadium,V Kohli,8,411,183,58.71,2,0,0,7,0
BDESH,Shere Bangla National Stadium,RG Sharma,8,238,68,39.66,0,0,0,5,0
BDESH,Shere Bangla National Stadium,AT Rayudu,7,120,58,24,0,1,5,3,0
BDESH,Shere Bangla National Stadium,MS Dhoni,6,192,69,64,0,0,0,3,1
BDESH,Shere Bangla National Stadium,RA Jadeja,6,107,52,53.5,0,6,38.33,6,0
BDESH,Shere Bangla National Stadium,AM Rahane,6,155,64,25.83,0,0,0,4,0
BDESH,Shere Bangla National Stadium,S Dhawan,5,228,75,45.6,0,0,0,1,0
BDESH,Shere Bangla National Stadium,AR Patel,5,19,10,6.33,0,3,50.33,3,0
BDESH,Shere Bangla National Stadium,UT Yadav,5,19,17,9.5,0,5,34.2,0,0
BDESH,Shere Bangla National Stadium,B Kumar,4,28,25,28,0,4,37.5,1,0
BDESH,Shere Bangla National Stadium,A Mishra,4,5,4,5,0,5,20.8,1,0
BDESH,Shere Bangla National Stadium,MM Sharma,4,16,11,8,0,5,19.6,1,0
BDESH,Shere Bangla National Stadium,STR Binny,3,45,25,45,0,7,6.42,0,0
BDESH,Shere Bangla National Stadium,G Gambhir,3,111,100,37,1,0,0,1,0
BDESH,Shere Bangla National Stadium,P Kumar,3,0,0,0,0,5,36,0,0
BDESH,Shere Bangla National Stadium,IK Pathan,3,0,0,0,0,5,32.4,1,0
BDESH,Shere Bangla National Stadium,CA Pujara,3,38,27,12.66,0,0,0,0,0
BDESH,Shere Bangla National Stadium,WP Saha,3,21,16,10.5,0,0,0,6,0
BDESH,Shere Bangla National Stadium,SR Tendulkar,3,172,114,57.33,1,0,0,1,0
BDESH,Shere Bangla National Stadium,RV Uthappa,3,69,50,23,0,0,0,0,0
BDESH,Shere Bangla National Stadium,AB Dinda,2,0,0,0,0,2,42.5,0,0
BDESH,Shere Bangla National Stadium,KD Karthik,2,44,23,44,0,0,0,1,0
BDESH,Shere Bangla National Stadium,DS Kulkarni,2,2,2,0,0,3,25.33,1,0
BDESH,Shere Bangla National Stadium,Mohammed Shami,2,0,0,0,0,2,49.5,0,0
BDESH,Shere Bangla National Stadium,Parvez Rasool,1,0,0,0,0,2,30,0,0
BDESH,Shere Bangla National Stadium,YK Pathan,1,0,0,0,0,0,0,0,0
BDESH,Shere Bangla National Stadium,MK Tiwary,1,2,2,2,0,0,0,0,0
BDESH,Shere Bangla National Stadium,R Vinay Kumar,1,0,0,0,0,3,18.33,0,0
ENG,Sophia Gardens,R Ashwin,4,20,10,20,0,5,31.6,1,0
ENG,Sophia Gardens,MS Dhoni,4,129,52,64.5,0,0,0,2,2
ENG,Sophia Gardens,RA Jadeja,4,56,47,56,0,8,18,2,0
ENG,Sophia Gardens,V Kohli,4,196,107,65.33,1,1,44,1,0
ENG,Sophia Gardens,SK Raina,4,131,100,43.66,1,1,48,5,0
ENG,Sophia Gardens,S Dhawan,3,193,114,64.33,1,0,0,1,0
ENG,Sophia Gardens,B Kumar,3,0,0,0,0,4,24.25,1,0
ENG,Sophia Gardens,RG Sharma,3,150,65,50,0,0,0,0,0
ENG,Sophia Gardens,KD Karthik,2,14,14,14,0,0,0,0,0
ENG,Sophia Gardens,AM Rahane,2,67,41,33.5,0,0,0,1,0
ENG,Sophia Gardens,I Sharma,2,0,0,0,0,5,19.8,0,0
ENG,Sophia Gardens,UT Yadav,2,0,0,0,0,2,52.5,0,0
ENG,Sophia Gardens,R Dravid,1,69,69,69,0,0,0,0,0
ENG,Sophia Gardens,Mohammed Shami,1,0,0,0,0,2,16,1,0
ENG,Sophia Gardens,MM Patel,1,0,0,0,0,0,0,0,0
ENG,Sophia Gardens,PA Patel,1,19,19,19,0,0,0,0,0
ENG,Sophia Gardens,MM Sharma,1,0,0,0,0,0,0,0,0
ENG,Sophia Gardens,RP Singh,1,0,0,0,0,1,51,1,0
ENG,Sophia Gardens,R Vinay Kumar,1,0,0,0,0,1,42,0,0
ENG,Old Trafford,JJ Bumrah,3,0,0,0,0,3,33.33,0,0
ENG,Old Trafford,YS Chahal,3,5,5,5,0,3,51.66,1,0
ENG,Old Trafford,MS Dhoni,3,107,56,53.5,0,0,0,2,0
ENG,Old Trafford,V Kohli,3,150,77,50,0,0,0,2,0
ENG,Old Trafford,HH Pandya,3,104,46,34.66,0,4,31.75,0,0
ENG,Old Trafford,KL Rahul,3,106,57,35.33,0,0,0,1,0
ENG,Old Trafford,RG Sharma,3,159,140,53,1,0,0,1,0
ENG,Old Trafford,KM Jadhav,2,16,9,16,0,0,0,2,0
ENG,Old Trafford,Kuldeep Yadav,2,0,0,0,0,3,22.33,0,0
ENG,Old Trafford,B Kumar,2,0,0,0,0,3,17,0,0
ENG,Old Trafford,V Shankar,2,29,15,29,0,2,11,1,0
ENG,Old Trafford,RA Jadeja,1,77,77,77,0,1,34,2,0
ENG,Old Trafford,KD Karthik,1,6,6,6,0,0,0,1,0
ENG,Old Trafford,Mohammed Shami,1,0,0,0,0,4,4,1,0
ENG,Old Trafford,RR Pant,1,32,32,32,0,0,0,0,0
ENG,Kennington Oval,MS Dhoni,6,163,69,40.75,0,0,0,4,1
ENG,Kennington Oval,V Kohli,6,192,82,38.4,0,0,0,2,0
ENG,Kennington Oval,S Dhawan,5,443,125,110.75,3,0,0,0,0
ENG,Kennington Oval,RA Jadeja,5,93,78,46.5,0,8,29.5,3,0
ENG,Kennington Oval,B Kumar,5,1,1,0,0,8,25.37,3,0
ENG,Kennington Oval,RG Sharma,5,199,78,39.8,0,0,0,0,0
ENG,Kennington Oval,R Ashwin,4,37,36,37,0,5,37.8,1,0
ENG,Kennington Oval,JJ Bumrah,4,1,1,1,0,5,41.8,0,0
ENG,Kennington Oval,KM Jadhav,4,34,25,34,0,1,59,1,0
ENG,Kennington Oval,HH Pandya,4,133,76,44.33,0,2,112,0,0
ENG,Kennington Oval,Yuvraj Singh,3,52,23,26,0,0,0,1,0
ENG,Kennington Oval,SK Raina,2,21,21,21,0,0,0,0,0
ENG,Kennington Oval,UT Yadav,2,0,0,0,0,1,121,0,0
ENG,Kennington Oval,YS Chahal,1,0,0,0,0,2,31,0,0
ENG,Kennington Oval,R Dravid,1,2,2,2,0,0,0,0,0
ENG,Kennington Oval,KD Karthik,1,51,51,0,0,0,0,1,0
ENG,Kennington Oval,Kuldeep Yadav,1,0,0,0,0,0,0,0,0
ENG,Kennington Oval,P Kumar,1,1,1,0,0,0,0,0,0
ENG,Kennington Oval,MM Patel,1,0,0,0,0,1,63,0,0
ENG,Kennington Oval,PA Patel,1,3,3,3,0,0,0,0,0
ENG,Kennington Oval,AM Rahane,1,0,0,0,0,0,0,0,0
ENG,Kennington Oval,KL Rahul,1,11,11,0,0,0,0,0,0
ENG,Kennington Oval,I Sharma,1,0,0,0,0,1,43,0,0
ENG,Kennington Oval,RP Singh,1,0,0,0,0,0,0,0,0
ENG,Headingley,MS Dhoni,3,71,42,35.5,0,0,0,4,2
ENG,Headingley,V Kohli,3,118,71,59,0,0,0,0,0
ENG,Headingley,B Kumar,3,22,21,11,0,2,83.5,0,0
ENG,Headingley,S Dhawan,2,75,44,37.5,0,0,0,0,0
ENG,Headingley,RA Jadeja,2,87,87,87,0,1,106,1,0
ENG,Headingley,KD Karthik,2,21,21,21,0,0,0,0,0
ENG,Headingley,Kuldeep Yadav,2,0,0,0,0,1,113,0,0
ENG,Headingley,HH Pandya,2,28,21,28,0,1,89,1,0
ENG,Headingley,SK Raina,2,19,18,9.5,0,1,48,1,0
ENG,Headingley,RG Sharma,2,105,103,52.5,1,0,0,1,0
ENG,Headingley,R Ashwin,1,16,16,16,0,1,49,1,0
ENG,Headingley,JJ Bumrah,1,0,0,0,0,3,12.33,0,0
ENG,Headingley,YS Chahal,1,0,0,0,0,0,0,0,0
ENG,Headingley,Mohammed Shami,1,0,0,0,0,2,26,0,0
ENG,Headingley,RR Pant,1,4,4,4,0,0,0,0,0
ENG,Headingley,AM Rahane,1,0,0,0,0,0,0,1,0
ENG,Headingley,KL Rahul,1,111,111,111,1,0,0,0,0
ENG,Headingley,AT Rayudu,1,53,53,53,0,0,0,0,0
ENG,Headingley,SN Thakur,1,22,22,0,0,1,51,0,0
ENG,Headingley,UT Yadav,1,0,0,0,0,1,46,1,0
ENG,Edgbaston,MS Dhoni,7,77,42,38.5,0,0,0,5,2
ENG,Edgbaston,V Kohli,7,335,96,111.66,0,0,0,3,0
ENG,Edgbaston,B Kumar,6,3,2,3,0,8,22.37,1,0
ENG,Edgbaston,RG Sharma,6,447,123,89.4,3,0,0,2,0
ENG,Edgbaston,S Dhawan,5,290,97,72.5,0,0,0,1,0
ENG,Edgbaston,RA Jadeja,5,33,33,0,0,9,20.55,2,0
ENG,Edgbaston,R Ashwin,4,1,1,1,0,5,30.4,3,0
ENG,Edgbaston,JJ Bumrah,4,0,0,0,0,7,23,1,0
ENG,Edgbaston,HH Pandya,4,65,45,32.5,0,5,39.4,2,0
ENG,Edgbaston,KM Jadhav,3,12,12,0,0,2,11,3,0
ENG,Edgbaston,KD Karthik,3,25,11,12.5,0,0,0,2,0
ENG,Edgbaston,Mohammed Shami,3,1,1,1,0,9,18.33,2,0
ENG,Edgbaston,SK Raina,3,1,1,1,0,1,55,3,0
ENG,Edgbaston,UT Yadav,3,0,0,0,0,4,17.25,0,0
ENG,Edgbaston,YS Chahal,2,0,0,0,0,1,138,0,0
ENG,Edgbaston,RR Pant,2,80,48,40,0,0,0,1,0
ENG,Edgbaston,KL Rahul,2,77,77,38.5,0,0,0,0,0
ENG,Edgbaston,I Sharma,2,0,0,0,0,4,19,1,0
ENG,Edgbaston,Yuvraj Singh,2,53,53,53,0,0,0,0,0
ENG,Edgbaston,Kuldeep Yadav,1,0,0,0,0,1,72,0,0
ENG,Edgbaston,DS Kulkarni,1,0,0,0,0,0,0,1,0
ENG,Edgbaston,AM Rahane,1,106,106,106,1,0,0,1,0
ENG,Edgbaston,AT Rayudu,1,0,0,0,0,0,0,0,0
IND,Dr YS Rajasekhara Reddy Cricket Stadium,RG Sharma,6,342,159,68.4,1,0,0,2,0
IND,Dr YS Rajasekhara Reddy Cricket Stadium,V Kohli,5,438,157,109.5,2,0,0,3,0
IND,Dr YS Rajasekhara Reddy Cricket Stadium,MS Dhoni,4,112,51,56,0,0,0,5,3
IND,Dr YS Rajasekhara Reddy Cricket Stadium,RA Jadeja,4,32,13,16,0,5,41.2,1,0
IND,Dr YS Rajasekhara Reddy Cricket Stadium,S Dhawan,3,164,100,82,1,0,0,2,0
IND,Dr YS Rajasekhara Reddy Cricket Stadium,Kuldeep Yadav,3,0,0,0,0,9,17.88,1,0
IND,Dr YS Rajasekhara Reddy Cricket Stadium,Mohammed Shami,3,0,0,0,0,6,25.5,0,0
IND,Dr YS Rajasekhara Reddy Cricket Stadium,UT Yadav,3,0,0,0,0,5,28.8,0,0
IND,Dr YS Rajasekhara Reddy Cricket Stadium,R Ashwin,2,19,19,19,0,3,37,1,0
IND,Dr YS Rajasekhara Reddy Cricket Stadium,JJ Bumrah,2,0,0,0,0,2,27.5,0,0
IND,Dr YS Rajasekhara Reddy Cricket Stadium,YS Chahal,2,0,0,0,0,4,27.25,1,0
IND,Dr YS Rajasekhara Reddy Cricket Stadium,SS Iyer,2,118,65,59,0,0,0,2,0
IND,Dr YS Rajasekhara Reddy Cricket Stadium,KM Jadhav,2,55,39,0,0,0,0,2,0
IND,Dr YS Rajasekhara Reddy Cricket Stadium,B Kumar,2,1,1,0,0,3,30.33,1,0
IND,Dr YS Rajasekhara Reddy Cricket Stadium,MK Pandey,2,0,0,0,0,0,0,0,0
IND,Dr YS Rajasekhara Reddy Cricket Stadium,RR Pant,2,56,39,28,0,0,0,2,1
IND,Dr YS Rajasekhara Reddy Cricket Stadium,SK Raina,2,23,23,11.5,0,0,0,1,0
IND,Dr YS Rajasekhara Reddy Cricket Stadium,VR Aaron,1,0,0,0,0,0,0,0,0
IND,Dr YS Rajasekhara Reddy Cricket Stadium,DL Chahar,1,0,0,0,0,0,0,0,0
IND,Dr YS Rajasekhara Reddy Cricket Stadium,G Gambhir,1,12,12,12,0,0,0,0,0
IND,Dr YS Rajasekhara Reddy Cricket Stadium,KD Karthik,1,26,26,0,0,0,0,0,0
IND,Dr YS Rajasekhara Reddy Cricket Stadium,A Mishra,1,0,0,0,0,5,3.6,0,0
IND,Dr YS Rajasekhara Reddy Cricket Stadium,HH Pandya,1,0,0,0,0,2,24.5,0,0
IND,Dr YS Rajasekhara Reddy Cricket Stadium,AR Patel,1,24,24,24,0,2,4.5,0,0
IND,Dr YS Rajasekhara Reddy Cricket Stadium,PA Patel,1,2,2,2,0,0,0,3,0
IND,Dr YS Rajasekhara Reddy Cricket Stadium,AM Rahane,1,20,20,20,0,0,0,1,0
IND,Dr YS Rajasekhara Reddy Cricket Stadium,KL Rahul,1,102,102,102,1,0,0,0,0
IND,Dr YS Rajasekhara Reddy Cricket Stadium,AT Rayudu,1,73,73,73,0,0,0,1,0
IND,Dr YS Rajasekhara Reddy Cricket Stadium,V Sehwag,1,26,26,26,0,0,0,0,0
IND,Dr YS Rajasekhara Reddy Cricket Stadium,MM Sharma,1,0,0,0,0,1,48,0,0
IND,Dr YS Rajasekhara Reddy Cricket Stadium,SN Thakur,1,0,0,0,0,1,55,0,0
IND,Dr YS Rajasekhara Reddy Cricket Stadium,R Vinay Kumar,1,0,0,0,0,2,21.5,0,0
IND,Dr YS Rajasekhara Reddy Cricket Stadium,J Yadav,1,1,1,0,0,1,8,1,0
IND,Dr YS Rajasekhara Reddy Cricket Stadium,Yuvraj Singh,1,28,28,28,0,0,0,0,0
IND,Himachal Pradesh Cricket Association Stadium,MS Dhoni,4,107,65,26.75,0,0,0,3,0
IND,Himachal Pradesh Cricket Association Stadium,V Kohli,3,212,127,106,1,0,0,0,0
IND,Himachal Pradesh Cricket Association Stadium,B Kumar,3,31,31,15.5,0,3,37.33,0,0
IND,Himachal Pradesh Cricket Association Stadium,RG Sharma,3,20,14,6.66,0,0,0,1,0
IND,Himachal Pradesh Cricket Association Stadium,JJ Bumrah,2,0,0,0,0,1,61,0,0
IND,Himachal Pradesh Cricket Association Stadium,S Dhawan,2,35,35,17.5,0,0,0,2,0
IND,Himachal Pradesh Cricket Association Stadium,RA Jadeja,2,41,39,20.5,0,3,35.33,1,0
IND,Himachal Pradesh Cricket Association Stadium,Mohammed Shami,2,1,1,1,0,3,39.33,1,0
IND,Himachal Pradesh Cricket Association Stadium,MK Pandey,2,19,17,9.5,0,0,0,1,0
IND,Himachal Pradesh Cricket Association Stadium,HH Pandya,2,10,10,10,0,4,17.5,0,0
IND,Himachal Pradesh Cricket Association Stadium,AR Patel,2,0,0,0,0,2,33.5,2,0
IND,Himachal Pradesh Cricket Association Stadium,AM Rahane,2,101,68,50.5,0,0,0,1,0
IND,Himachal Pradesh Cricket Association Stadium,SK Raina,2,154,83,77,0,0,0,1,0
IND,Himachal Pradesh Cricket Association Stadium,UT Yadav,2,0,0,0,0,4,18.75,2,0
IND,Himachal Pradesh Cricket Association Stadium,R Ashwin,1,19,19,19,0,0,0,0,0
IND,Himachal Pradesh Cricket Association Stadium,YS Chahal,1,0,0,0,0,0,0,0,0
IND,Himachal Pradesh Cricket Association Stadium,G Gambhir,1,24,24,24,0,0,0,0,0
IND,Himachal Pradesh Cricket Association Stadium,SS Iyer,1,9,9,9,0,0,0,0,0
IND,Himachal Pradesh Cricket Association Stadium,KM Jadhav,1,10,10,0,0,2,3,1,0
IND,Himachal Pradesh Cricket Association Stadium,KD Karthik,1,0,0,0,0,0,0,0,0
IND,Himachal Pradesh Cricket Association Stadium,Kuldeep Yadav,1,19,19,19,0,0,0,0,0
IND,Himachal Pradesh Cricket Association Stadium,A Mishra,1,0,0,0,0,3,16.33,1,0
IND,Himachal Pradesh Cricket Association Stadium,AT Rayudu,1,12,12,0,0,0,0,0,0
IND,Himachal Pradesh Cricket Association Stadium,I Sharma,1,0,0,0,0,1,37,0,0
IND,Himachal Pradesh Cricket Association Stadium,Yuvraj Singh,1,0,0,0,0,0,0,0,0
IND,JSCA International Stadium ,V Kohli,5,384,139,192,2,0,0,1,0
IND,JSCA International Stadium ,MS Dhoni,4,47,26,23.5,0,0,0,6,1
IND,JSCA International Stadium ,RG Sharma,4,43,14,14.33,0,0,0,3,0
IND,JSCA International Stadium ,R Ashwin,3,0,0,0,0,6,25,0,0
IND,JSCA International Stadium ,RA Jadeja,3,24,24,24,0,4,34.75,0,0
IND,JSCA International Stadium ,KM Jadhav,3,46,26,15.33,0,0,0,1,0
IND,JSCA International Stadium ,Mohammed Shami,3,8,8,8,0,5,23.4,0,0
IND,JSCA International Stadium ,AM Rahane,3,59,57,19.66,0,0,0,2,0
IND,JSCA International Stadium ,S Dhawan,2,15,14,15,0,0,0,0,0
IND,JSCA International Stadium ,DS Kulkarni,2,25,25,0,0,4,29,0,0
IND,JSCA International Stadium ,AR Patel,2,55,38,55,0,3,27.66,1,0
IND,JSCA International Stadium ,SK Raina,2,0,0,0,0,1,39,0,0
IND,JSCA International Stadium ,AT Rayudu,2,61,59,30.5,0,0,0,2,0
IND,JSCA International Stadium ,Yuvraj Singh,2,30,30,30,0,0,0,2,0
IND,JSCA International Stadium ,STR Binny,1,12,12,12,0,1,28,0,0
IND,JSCA International Stadium ,JJ Bumrah,1,0,0,0,0,0,0,1,0
IND,JSCA International Stadium ,G Gambhir,1,33,33,33,0,0,0,0,0
IND,JSCA International Stadium ,Kuldeep Yadav,1,10,10,10,0,3,21.33,0,0
IND,JSCA International Stadium ,B Kumar,1,0,0,0,0,1,40,0,0
IND,JSCA International Stadium ,A Mishra,1,14,14,14,0,2,21,0,0
IND,JSCA International Stadium ,MK Pandey,1,12,12,12,0,0,0,0,0
IND,JSCA International Stadium ,HH Pandya,1,9,9,9,0,1,31,1,0
IND,JSCA International Stadium ,V Shankar,1,32,32,32,0,0,0,1,0
IND,JSCA International Stadium ,I Sharma,1,0,0,0,0,2,14.5,0,0
IND,JSCA International Stadium ,KV Sharma,1,0,0,0,0,0,0,1,0
IND,JSCA International Stadium ,JD Unadkat,1,0,0,0,0,0,0,0,0
IND,JSCA International Stadium ,RV Uthappa,1,19,19,19,0,0,0,0,0
IND,JSCA International Stadium ,R Vinay Kumar,1,0,0,0,0,2,26,0,0
IND,JSCA International Stadium ,UT Yadav,1,7,7,7,0,1,60,0,0
IND,MA Chidambaram Stadium,V Kohli,5,222,138,44.4,1,0,0,0,0
IND,MA Chidambaram Stadium,RG Sharma,5,110,36,22,0,0,0,1,0
IND,MA Chidambaram Stadium,MS Dhoni,3,207,113,103.5,1,0,0,4,1
IND,MA Chidambaram Stadium,B Kumar,3,32,32,32,0,6,20,0,0
IND,MA Chidambaram Stadium,AM Rahane,3,50,45,16.66,0,0,0,4,0
IND,MA Chidambaram Stadium,SK Raina,3,112,53,56,0,1,47,0,0
IND,MA Chidambaram Stadium,G Gambhir,2,39,31,19.5,0,0,0,0,0
IND,MA Chidambaram Stadium,RA Jadeja,2,21,21,21,0,3,40,0,0
IND,MA Chidambaram Stadium,KM Jadhav,2,80,40,40,0,0,0,1,0
IND,MA Chidambaram Stadium,Kuldeep Yadav,2,0,0,0,0,2,39,0,0
IND,MA Chidambaram Stadium,R Ashwin,1,31,31,0,0,0,0,1,0
IND,MA Chidambaram Stadium,JJ Bumrah,1,0,0,0,0,1,20,2,0
IND,MA Chidambaram Stadium,YS Chahal,1,0,0,0,0,3,10,0,0
IND,MA Chidambaram Stadium,DL Chahar,1,6,6,0,0,1,48,0,0
IND,MA Chidambaram Stadium,S Dhawan,1,7,7,7,0,0,0,1,0
IND,MA Chidambaram Stadium,AB Dinda,1,0,0,0,0,1,45,0,0
IND,MA Chidambaram Stadium,S Dube,1,9,9,9,0,0,0,0,0
IND,MA Chidambaram Stadium,Harbhajan Singh,1,0,0,0,0,2,25,0,0
IND,MA Chidambaram Stadium,SS Iyer,1,70,70,70,0,0,0,1,0
IND,MA Chidambaram Stadium,A Mishra,1,0,0,0,0,1,55,0,0
IND,MA Chidambaram Stadium,A Mithun,1,0,0,0,0,2,16,0,0
IND,MA Chidambaram Stadium,Mohammed Shami,1,0,0,0,0,1,57,0,0
IND,MA Chidambaram Stadium,MK Pandey,1,0,0,0,0,0,0,1,0
IND,MA Chidambaram Stadium,HH Pandya,1,83,83,83,0,2,14,0,0
IND,MA Chidambaram Stadium,RR Pant,1,71,71,71,0,0,0,0,0
IND,MA Chidambaram Stadium,AR Patel,1,4,4,0,0,1,40,1,0
IND,MA Chidambaram Stadium,PA Patel,1,0,0,0,0,0,0,1,0
IND,MA Chidambaram Stadium,IK Pathan,1,4,4,4,0,2,21,0,0
IND,MA Chidambaram Stadium,KL Rahul,1,6,6,6,0,0,0,0,0
IND,MA Chidambaram Stadium,V Sehwag,1,4,4,4,0,0,0,0,0
IND,MA Chidambaram Stadium,I Sharma,1,0,0,0,0,1,39,0,0
IND,MA Chidambaram Stadium,MM Sharma,1,0,0,0,0,1,48,0,0
IND,MA Chidambaram Stadium,R Sharma,1,0,0,0,0,1,45,0,0
IND,MA Chidambaram Stadium,MK Tiwary,1,104,104,0,1,0,0,0,0
IND,MA Chidambaram Stadium,Yuvraj Singh,1,2,2,2,0,0,0,0,0
IND,Arun Jaitley Stadium,V Kohli,5,210,112,52.5,1,0,0,5,0
IND,Arun Jaitley Stadium,MS Dhoni,4,126,51,63,0,0,0,4,2
IND,Arun Jaitley Stadium,RA Jadeja,4,33,27,11,0,7,20.85,3,0
IND,Arun Jaitley Stadium,AM Rahane,4,58,28,14.5,0,0,0,2,0
IND,Arun Jaitley Stadium,B Kumar,3,66,46,22,0,5,22.2,2,0
IND,Arun Jaitley Stadium,Mohammed Shami,3,4,3,4,0,7,16.57,1,0
IND,Arun Jaitley Stadium,SK Raina,3,93,62,46.5,0,0,0,2,0
IND,Arun Jaitley Stadium,UT Yadav,3,18,18,0,0,4,33.5,0,0
IND,Arun Jaitley Stadium,R Ashwin,2,0,0,0,0,3,34.33,0,0
IND,Arun Jaitley Stadium,JJ Bumrah,2,1,1,1,0,3,24.66,0,0
IND,Arun Jaitley Stadium,S Dhawan,2,13,12,6.5,0,0,0,1,0
IND,Arun Jaitley Stadium,G Gambhir,2,99,84,99,0,0,0,0,0
IND,Arun Jaitley Stadium,KM Jadhav,2,85,44,42.5,0,1,19,0,0
IND,Arun Jaitley Stadium,A Mishra,2,1,1,1,0,5,20,0,0
IND,Arun Jaitley Stadium,RG Sharma,2,71,56,35.5,0,0,0,1,0
IND,Arun Jaitley Stadium,Kuldeep Yadav,1,8,8,8,0,1,74,0,0
IND,Arun Jaitley Stadium,P Kumar,1,0,0,0,0,1,40,0,0
IND,Arun Jaitley Stadium,MK Pandey,1,19,19,19,0,0,0,0,0
IND,Arun Jaitley Stadium,HH Pandya,1,36,36,36,0,0,0,0,0
IND,Arun Jaitley Stadium,RR Pant,1,16,16,16,0,0,0,2,0
IND,Arun Jaitley Stadium,AR Patel,1,17,17,17,0,1,49,1,0
IND,Arun Jaitley Stadium,PA Patel,1,12,12,12,0,0,0,0,0
IND,Arun Jaitley Stadium,AT Rayudu,1,32,32,32,0,0,0,0,0
IND,Arun Jaitley Stadium,V Shankar,1,16,16,16,0,0,0,0,0
IND,Arun Jaitley Stadium,I Sharma,1,5,5,5,0,3,12,0,0
IND,Arun Jaitley Stadium,R Vinay Kumar,1,0,0,0,0,4,7.5,0,0
IND,Arun Jaitley Stadium,Yuvraj Singh,1,23,23,23,0,0,0,1,0
IND,Nehru Stadium,MS Dhoni,3,93,72,46.5,0,0,0,3,1
IND,Nehru Stadium,RA Jadeja,3,94,61,0,0,6,17.83,2,0
IND,Nehru Stadium,V Kohli,3,125,86,41.66,0,0,0,1,0
IND,Nehru Stadium,B Kumar,3,2,2,2,0,3,31,1,0
IND,Nehru Stadium,Mohammed Shami,3,19,19,19,0,6,19.66,0,0
IND,Nehru Stadium,SK Raina,3,55,55,18.33,0,3,16,1,0
IND,Nehru Stadium,R Ashwin,2,1,1,0,0,5,16.2,1,0
IND,Nehru Stadium,S Dhawan,2,73,68,36.5,0,0,0,3,0
IND,Nehru Stadium,AM Rahane,2,28,24,14,0,0,0,0,0
IND,Nehru Stadium,Yuvraj Singh,2,48,32,48,0,0,0,0,0
IND,Nehru Stadium,G Gambhir,1,8,8,8,0,0,0,0,0
IND,Nehru Stadium,A Mishra,1,5,5,5,0,1,72,0,0
IND,Nehru Stadium,AT Rayudu,1,13,13,13,0,0,0,0,0
IND,Nehru Stadium,I Sharma,1,0,0,0,0,0,0,0,0
IND,Nehru Stadium,MM Sharma,1,8,8,8,0,0,0,0,0
IND,Nehru Stadium,RG Sharma,1,72,72,72,0,0,0,0,0
IND,Nehru Stadium,JD Unadkat,1,0,0,0,0,0,0,0,0
IND,Punjab Cricket Association IS Bindra Stadium,MS Dhoni,5,280,139,93.33,1,0,0,3,3
IND,Punjab Cricket Association IS Bindra Stadium,V Kohli,5,290,154,72.5,1,1,38,1,0
IND,Punjab Cricket Association IS Bindra Stadium,RG Sharma,5,410,208,102.5,1,0,0,1,0
IND,Punjab Cricket Association IS Bindra Stadium,B Kumar,4,11,10,5.5,0,3,62.33,1,0
IND,Punjab Cricket Association IS Bindra Stadium,R Ashwin,3,28,28,28,0,2,83,0,0
IND,Punjab Cricket Association IS Bindra Stadium,JJ Bumrah,3,6,6,0,0,7,22.57,0,0
IND,Punjab Cricket Association IS Bindra Stadium,S Dhawan,3,219,143,73,1,0,0,2,0
IND,Punjab Cricket Association IS Bindra Stadium,RA Jadeja,3,49,26,49,0,5,22.2,2,0
IND,Punjab Cricket Association IS Bindra Stadium,SK Raina,3,106,89,53,0,0,0,0,0
IND,Punjab Cricket Association IS Bindra Stadium,YS Chahal,2,0,0,0,0,4,35,0,0
IND,Punjab Cricket Association IS Bindra Stadium,G Gambhir,2,68,58,34,0,0,0,0,0
IND,Punjab Cricket Association IS Bindra Stadium,KM Jadhav,2,10,10,10,0,3,24.33,1,0
IND,Punjab Cricket Association IS Bindra Stadium,MK Pandey,2,28,28,0,0,0,0,0,0
IND,Punjab Cricket Association IS Bindra Stadium,HH Pandya,2,8,8,8,0,1,73,1,0
IND,Punjab Cricket Association IS Bindra Stadium,AM Rahane,2,96,91,48,0,0,0,1,0
IND,Punjab Cricket Association IS Bindra Stadium,I Sharma,2,0,0,0,0,3,36.66,0,0
IND,Punjab Cricket Association IS Bindra Stadium,R Vinay Kumar,2,0,0,0,0,3,38,0,0
IND,Punjab Cricket Association IS Bindra Stadium,UT Yadav,2,0,0,0,0,3,48.66,0,0
IND,Punjab Cricket Association IS Bindra Stadium,Yuvraj Singh,2,3,3,1.5,0,0,0,3,0
IND,Punjab Cricket Association IS Bindra Stadium,SS Iyer,1,88,88,88,0,0,0,0,0
IND,Punjab Cricket Association IS Bindra Stadium,KD Karthik,1,0,0,0,0,0,0,1,0
IND,Punjab Cricket Association IS Bindra Stadium,Kuldeep Yadav,1,1,1,0,0,1,64,1,0
IND,Punjab Cricket Association IS Bindra Stadium,P Kumar,1,0,0,0,0,1,56,0,0
IND,Punjab Cricket Association IS Bindra Stadium,A Mishra,1,0,0,0,0,2,23,0,0
IND,Punjab Cricket Association IS Bindra Stadium,Mohammed Shami,1,0,0,0,0,0,0,0,0
IND,Punjab Cricket Association IS Bindra Stadium,RR Pant,1,36,36,36,0,0,0,0,0
IND,Punjab Cricket Association IS Bindra Stadium,AR Patel,1,0,0,0,0,0,0,0,0
IND,Punjab Cricket Association IS Bindra Stadium,PA Patel,1,38,38,38,0,0,0,0,0
IND,Punjab Cricket Association IS Bindra Stadium,KL Rahul,1,26,26,26,0,0,0,1,0
IND,Punjab Cricket Association IS Bindra Stadium,V Shankar,1,26,26,26,0,0,0,0,0
IND,Punjab Cricket Association IS Bindra Stadium,Washington Sundar,1,0,0,0,0,1,65,1,0
IND,Eden Gardens,V Kohli,5,219,92,43.8,0,0,0,2,0
IND,Eden Gardens,MS Dhoni,4,159,75,79.5,0,0,0,4,2
IND,Eden Gardens,AM Rahane,4,126,55,31.5,0,0,0,2,0
IND,Eden Gardens,R Ashwin,3,11,7,3.66,0,4,34.25,0,0
IND,Eden Gardens,RA Jadeja,3,44,21,14.66,0,9,15.11,2,0
IND,Eden Gardens,B Kumar,3,20,20,10,0,4,31.5,0,0
IND,Eden Gardens,SK Raina,3,67,38,22.33,0,2,12.5,3,0
IND,Eden Gardens,JJ Bumrah,2,10,10,0,0,1,107,2,0
IND,Eden Gardens,G Gambhir,2,49,38,24.5,0,0,0,0,0
IND,Eden Gardens,KM Jadhav,2,114,90,57,0,0,0,0,0
IND,Eden Gardens,HH Pandya,2,76,56,38,0,5,21,1,0
IND,Eden Gardens,RG Sharma,2,271,264,135.5,1,0,0,0,0
IND,Eden Gardens,Yuvraj Singh,2,54,45,27,0,0,0,1,0
IND,Eden Gardens,VR Aaron,1,0,0,0,0,1,19,0,0
IND,Eden Gardens,STR Binny,1,0,0,0,0,2,27.5,0,0
IND,Eden Gardens,YS Chahal,1,1,1,1,0,2,17,0,0
IND,Eden Gardens,AB Dinda,1,0,0,0,0,0,0,0,0
IND,Eden Gardens,Kuldeep Yadav,1,0,0,0,0,3,18,0,0
IND,Eden Gardens,DS Kulkarni,1,0,0,0,0,4,8.5,0,0
IND,Eden Gardens,P Kumar,1,16,16,16,0,0,0,0,0
IND,Eden Gardens,MK Pandey,1,3,3,3,0,0,0,1,0
IND,Eden Gardens,AR Patel,1,0,0,0,0,2,25.5,1,0
IND,Eden Gardens,KL Rahul,1,11,11,11,0,0,0,1,0
IND,Eden Gardens,AT Rayudu,1,8,8,8,0,0,0,1,0
IND,Eden Gardens,V Sehwag,1,31,31,31,0,0,0,2,0
IND,Eden Gardens,I Sharma,1,2,2,2,0,3,11.33,0,0
IND,Eden Gardens,KV Sharma,1,0,0,0,0,0,0,2,0
IND,Eden Gardens,MK Tiwary,1,24,24,24,0,1,28,0,0
IND,Eden Gardens,RV Uthappa,1,16,16,0,0,0,0,1,1
IND,Eden Gardens,R Vinay Kumar,1,0,0,0,0,0,0,0,0
IND,Eden Gardens,UT Yadav,1,0,0,0,0,2,19,0,0
IND,Wankhede Stadium,V Kohli,4,230,121,76.66,1,0,0,2,0
IND,Wankhede Stadium,S Dhawan,3,143,74,47.66,0,0,0,0,0
IND,Wankhede Stadium,MS Dhoni,3,67,27,33.5,0,0,0,2,0
IND,Wankhede Stadium,RG Sharma,3,46,20,15.33,0,0,0,0,0
IND,Wankhede Stadium,JJ Bumrah,2,0,0,0,0,1,106,0,0
IND,Wankhede Stadium,RA Jadeja,2,25,25,25,0,2,41,0,0
IND,Wankhede Stadium,Kuldeep Yadav,2,17,17,17,0,1,119,0,0
IND,Wankhede Stadium,B Kumar,2,27,26,13.5,0,2,81,0,0
IND,Wankhede Stadium,AM Rahane,2,107,87,53.5,0,0,0,0,0
IND,Wankhede Stadium,SK Raina,2,92,80,46,0,1,34,1,0
IND,Wankhede Stadium,VR Aaron,1,0,0,0,0,3,8,0,0
IND,Wankhede Stadium,R Ashwin,1,0,0,0,0,3,12.66,0,0
IND,Wankhede Stadium,YS Chahal,1,0,0,0,0,0,0,1,0
IND,Wankhede Stadium,G Gambhir,1,1,1,1,0,0,0,0,0
IND,Wankhede Stadium,Harbhajan Singh,1,0,0,0,0,1,70,0,0
IND,Wankhede Stadium,SS Iyer,1,4,4,4,0,0,0,0,0
IND,Wankhede Stadium,KM Jadhav,1,12,12,12,0,0,0,1,0
IND,Wankhede Stadium,KD Karthik,1,37,37,37,0,0,0,2,0
IND,Wankhede Stadium,P Kumar,1,0,0,0,0,1,41,0,0
IND,Wankhede Stadium,A Mishra,1,4,4,4,0,0,0,0,0
IND,Wankhede Stadium,Mohammed Shami,1,10,10,10,0,0,0,0,0
IND,Wankhede Stadium,HH Pandya,1,16,16,16,0,1,46,0,0
IND,Wankhede Stadium,RR Pant,1,28,28,28,0,0,0,0,0
IND,Wankhede Stadium,AR Patel,1,5,5,5,0,0,0,0,0
IND,Wankhede Stadium,PA Patel,1,8,8,8,0,0,0,0,0
IND,Wankhede Stadium,KL Rahul,1,47,47,47,0,0,0,0,0
IND,Wankhede Stadium,MM Sharma,1,0,0,0,0,1,84,0,0
IND,Wankhede Stadium,SN Thakur,1,13,13,13,0,0,0,0,0
IND,Wankhede Stadium,R Vinay Kumar,1,0,0,0,0,1,41,0,0
NZ,Eden Park,RA Jadeja,3,121,66,121,0,3,51,1,0
NZ,Eden Park,V Kohli,3,59,38,19.66,0,0,0,0,0
NZ,Eden Park,R Ashwin,2,65,65,65,0,2,61,2,0
NZ,Eden Park,S Dhawan,2,32,28,16,0,0,0,2,0
NZ,Eden Park,MS Dhoni,2,135,85,135,0,0,0,2,0
NZ,Eden Park,Mohammed Shami,2,2,2,2,0,5,26.4,0,0
NZ,Eden Park,AM Rahane,2,22,19,11,0,0,0,2,0
NZ,Eden Park,SK Raina,2,141,110,141,1,0,0,0,0
NZ,Eden Park,RG Sharma,2,55,39,27.5,0,0,0,1,0
NZ,Eden Park,VR Aaron,1,2,2,0,0,1,52,0,0
NZ,Eden Park,MA Agarwal,1,3,3,3,0,0,0,0,0
NZ,Eden Park,JJ Bumrah,1,0,0,0,0,0,0,0,0
NZ,Eden Park,YS Chahal,1,10,10,10,0,3,19.33,1,0
NZ,Eden Park,SS Iyer,1,52,52,52,0,0,0,1,0
NZ,Eden Park,KM Jadhav,1,9,9,9,0,0,0,0,0
NZ,Eden Park,B Kumar,1,4,4,4,0,1,48,0,0
NZ,Eden Park,KL Rahul,1,4,4,4,0,0,0,0,0
NZ,Eden Park,NA Saini,1,45,45,45,0,0,0,2,0
NZ,Eden Park,MM Sharma,1,0,0,0,0,3,16,1,0
NZ,Eden Park,PP Shaw,1,24,24,24,0,0,0,0,0
NZ,Eden Park,SN Thakur,1,18,18,18,0,2,30,0,0
NZ,Eden Park,UT Yadav,1,0,0,0,0,3,14.33,1,0
NZ,Bay Oval,YS Chahal,3,0,0,0,0,7,21.42,1,0
NZ,Bay Oval,V Kohli,3,112,60,37.33,0,0,0,3,0
NZ,Bay Oval,S Dhawan,2,94,66,47,0,0,0,1,0
NZ,Bay Oval,KM Jadhav,2,22,22,0,0,1,52,0,0
NZ,Bay Oval,Kuldeep Yadav,2,0,0,0,0,4,21,0,0
NZ,Bay Oval,B Kumar,2,0,0,0,0,4,22,0,0
NZ,Bay Oval,Mohammed Shami,2,0,0,0,0,4,21,2,0
NZ,Bay Oval,AT Rayudu,2,87,47,87,0,0,0,2,0
NZ,Bay Oval,RG Sharma,2,149,87,74.5,0,0,0,1,0
NZ,Bay Oval,MA Agarwal,1,1,1,1,0,0,0,1,0
NZ,Bay Oval,JJ Bumrah,1,0,0,0,0,0,0,0,0
NZ,Bay Oval,MS Dhoni,1,48,48,0,0,0,0,0,1
NZ,Bay Oval,SS Iyer,1,62,62,62,0,0,0,0,0
NZ,Bay Oval,RA Jadeja,1,8,8,0,0,1,45,0,0
NZ,Bay Oval,KD Karthik,1,38,38,0,0,0,0,4,0
NZ,Bay Oval,MK Pandey,1,42,42,42,0,0,0,0,0
NZ,Bay Oval,HH Pandya,1,0,0,0,0,2,22.5,1,0
NZ,Bay Oval,KL Rahul,1,112,112,112,1,0,0,1,0
NZ,Bay Oval,NA Saini,1,8,8,0,0,0,0,0,0
NZ,Bay Oval,V Shankar,1,0,0,0,0,0,0,1,0
NZ,Bay Oval,PP Shaw,1,40,40,40,0,0,0,0,0
NZ,Bay Oval,SN Thakur,1,7,7,7,0,1,87,0,0
NZ,Seddon Park,RA Jadeja,4,74,62,74,0,2,94,0,0
NZ,Seddon Park,V Kohli,4,175,78,58.33,0,0,0,0,0
NZ,Seddon Park,Mohammed Shami,4,1,1,0,0,8,27.5,4,0
NZ,Seddon Park,RG Sharma,4,170,79,42.5,0,0,0,0,0
NZ,Seddon Park,R Ashwin,3,10,5,5,0,2,64.5,0,0
NZ,Seddon Park,S Dhawan,3,125,100,41.66,1,0,0,1,0
NZ,Seddon Park,MS Dhoni,3,135,79,135,0,0,0,4,1
NZ,Seddon Park,B Kumar,3,12,11,6,0,3,43.33,0,0
NZ,Seddon Park,AM Rahane,3,72,36,36,0,0,0,2,0
NZ,Seddon Park,KM Jadhav,2,27,26,27,0,0,0,2,0
NZ,Seddon Park,Kuldeep Yadav,2,15,15,15,0,2,43,0,0
NZ,Seddon Park,SK Raina,2,35,35,35,0,2,29,0,0
NZ,Seddon Park,AT Rayudu,2,37,37,18.5,0,0,0,0,0
NZ,Seddon Park,VR Aaron,1,0,0,0,0,1,51,0,0
NZ,Seddon Park,MA Agarwal,1,32,32,32,0,0,0,0,0
NZ,Seddon Park,KK Ahmed,1,5,5,5,0,0,0,0,0
NZ,Seddon Park,STR Binny,1,0,0,0,0,0,0,0,0
NZ,Seddon Park,JJ Bumrah,1,0,0,0,0,0,0,0,0
NZ,Seddon Park,YS Chahal,1,18,18,0,0,0,0,0,0
NZ,Seddon Park,SS Iyer,1,103,103,103,1,0,0,0,0
NZ,Seddon Park,KD Karthik,1,0,0,0,0,0,0,1,0
NZ,Seddon Park,HH Pandya,1,16,16,16,0,0,0,1,0
NZ,Seddon Park,KL Rahul,1,88,88,0,0,0,0,0,1
NZ,Seddon Park,I Sharma,1,1,1,0,0,1,46,0,0
NZ,Seddon Park,MM Sharma,1,0,0,0,0,1,38,0,0
NZ,Seddon Park,PP Shaw,1,20,20,20,0,0,0,0,0
NZ,Seddon Park,Shubman Gill,1,9,9,9,0,0,0,0,0
NZ,Seddon Park,SN Thakur,1,0,0,0,0,1,80,0,0
NZ,Seddon Park,UT Yadav,1,0,0,0,0,1,34,3,0
SL,Mahinda Rajapaksa International Cricket Stadium,R Ashwin,2,21,21,21,0,3,21.33,0,0
SL,Mahinda Rajapaksa International Cricket Stadium,MS Dhoni,2,46,35,23,0,0,0,2,0
SL,Mahinda Rajapaksa International Cricket Stadium,G Gambhir,2,68,65,34,0,0,0,1,0
SL,Mahinda Rajapaksa International Cricket Stadium,Z Khan,2,2,2,2,0,1,102,0,0
SL,Mahinda Rajapaksa International Cricket Stadium,V Kohli,2,107,106,53.5,1,0,0,1,0
SL,Mahinda Rajapaksa International Cricket Stadium,PP Ojha,2,5,5,5,0,1,51,0,0
SL,Mahinda Rajapaksa International Cricket Stadium,IK Pathan,2,13,7,13,0,2,32,0,0
SL,Mahinda Rajapaksa International Cricket Stadium,SK Raina,2,51,50,25.5,0,0,0,0,0
SL,Mahinda Rajapaksa International Cricket Stadium,V Sehwag,2,111,96,55.5,0,0,0,1,0
SL,Mahinda Rajapaksa International Cricket Stadium,RG Sharma,2,5,5,2.5,0,0,0,0,0
SL,Mahinda Rajapaksa International Cricket Stadium,UT Yadav,2,0,0,0,0,2,57,0,0
SL,Pallekele International Cricket Stadium,MS Dhoni,3,170,67,170,0,0,0,1,1
SL,Pallekele International Cricket Stadium,V Kohli,3,30,23,10,0,0,0,2,0
SL,Pallekele International Cricket Stadium,RG Sharma,3,182,124,91,1,0,0,2,0
SL,Pallekele International Cricket Stadium,JJ Bumrah,2,0,0,0,0,9,7.77,1,0
SL,Pallekele International Cricket Stadium,YS Chahal,2,0,0,0,0,2,46,0,0
SL,Pallekele International Cricket Stadium,S Dhawan,2,54,49,27,0,0,0,1,0
SL,Pallekele International Cricket Stadium,KM Jadhav,2,1,1,0.5,0,1,44,1,0
SL,Pallekele International Cricket Stadium,B Kumar,2,53,53,0,0,0,0,0,0
SL,Pallekele International Cricket Stadium,HH Pandya,2,0,0,0,0,2,33,0,0
SL,Pallekele International Cricket Stadium,AR Patel,2,6,6,6,0,2,32.5,1,0
SL,Pallekele International Cricket Stadium,KL Rahul,2,21,17,10.5,0,0,0,0,0
SL,Pallekele International Cricket Stadium,R Ashwin,1,2,2,0,0,0,0,0,0
SL,Pallekele International Cricket Stadium,AB Dinda,1,0,0,0,0,2,27.5,0,0
SL,Pallekele International Cricket Stadium,G Gambhir,1,88,88,88,0,0,0,0,0
SL,Pallekele International Cricket Stadium,Z Khan,1,0,0,0,0,1,53,1,0
SL,Pallekele International Cricket Stadium,IK Pathan,1,29,29,0,0,5,12.2,0,0
SL,Pallekele International Cricket Stadium,AM Rahane,1,9,9,9,0,0,0,1,0
SL,Pallekele International Cricket Stadium,SK Raina,1,0,0,0,0,0,0,1,0
SL,Pallekele International Cricket Stadium,MK Tiwary,1,65,65,65,0,0,0,0,0
SL,R Premadasa Stadium,MS Dhoni,4,81,49,81,0,0,0,8,2
SL,R Premadasa Stadium,V Kohli,4,407,131,203.5,3,0,0,3,0
SL,R Premadasa Stadium,RG Sharma,4,124,104,31,1,0,0,0,0
SL,R Premadasa Stadium,R Ashwin,2,0,0,0,0,2,48,0,0
SL,R Premadasa Stadium,JJ Bumrah,2,0,0,0,0,4,19.25,0,0
SL,R Premadasa Stadium,AB Dinda,2,0,0,0,0,2,52,0,0
SL,R Premadasa Stadium,G Gambhir,2,102,102,51,1,0,0,0,0
SL,R Premadasa Stadium,Z Khan,2,0,0,0,0,2,37.5,0,0
SL,R Premadasa Stadium,Kuldeep Yadav,2,0,0,0,0,3,23.66,1,0
SL,R Premadasa Stadium,MK Pandey,2,86,50,86,0,0,0,0,0
SL,R Premadasa Stadium,IK Pathan,2,34,34,0,0,1,86,1,0
SL,R Premadasa Stadium,SK Raina,2,123,65,0,0,0,0,1,0
SL,R Premadasa Stadium,V Sehwag,2,37,34,18.5,0,1,41,0,0
SL,R Premadasa Stadium,SN Thakur,2,0,0,0,0,1,74,2,0
SL,R Premadasa Stadium,YS Chahal,1,0,0,0,0,1,36,0,0
SL,R Premadasa Stadium,S Dhawan,1,4,4,4,0,0,0,1,0
SL,R Premadasa Stadium,KM Jadhav,1,63,63,63,0,0,0,0,0
SL,R Premadasa Stadium,B Kumar,1,0,0,0,0,5,8.4,1,0
SL,R Premadasa Stadium,HH Pandya,1,19,19,19,0,2,25,1,0
SL,R Premadasa Stadium,AR Patel,1,0,0,0,0,1,55,0,0
SL,R Premadasa Stadium,AM Rahane,1,5,5,5,0,0,0,0,0
SL,R Premadasa Stadium,KL Rahul,1,7,7,7,0,0,0,0,0
SL,R Premadasa Stadium,R Sharma,1,0,0,0,0,1,45,0,0
SL,R Premadasa Stadium,MK Tiwary,1,21,21,21,0,4,15.25,0,0
WI,Queens Park Oval ,S Dhawan,9,342,87,38,0,0,0,1,0
WI,Queens Park Oval ,V Kohli,9,571,120,81.57,3,0,0,7,0
WI,Queens Park Oval ,B Kumar,7,1,1,0.5,0,15,9.93,4,0
WI,Queens Park Oval ,RG Sharma,7,255,68,63.75,0,0,0,1,0
WI,Queens Park Oval ,R Ashwin,5,25,25,25,0,4,33.5,4,0
WI,Queens Park Oval ,RA Jadeja,5,23,16,11.5,0,10,12.5,2,0
WI,Queens Park Oval ,SK Raina,5,115,43,38.33,0,2,29.5,3,0
WI,Queens Park Oval ,KM Jadhav,4,48,19,48,0,0,0,0,0
WI,Queens Park Oval ,UT Yadav,4,0,0,0,0,4,24,0,0
WI,Queens Park Oval ,MS Dhoni,3,67,45,0,0,0,0,2,5
WI,Queens Park Oval ,KD Karthik,3,41,23,13.66,0,0,0,4,1
WI,Queens Park Oval ,Kuldeep Yadav,3,0,0,0,0,5,21.8,0,0
WI,Queens Park Oval ,I Sharma,3,2,2,0,0,6,15.33,1,0
WI,Queens Park Oval ,KK Ahmed,2,0,0,0,0,4,25,0,0
WI,Queens Park Oval ,S Badrinath,2,17,17,17,0,0,0,0,0
WI,Queens Park Oval ,Harbhajan Singh,2,6,6,0,0,3,27.66,2,0
WI,Queens Park Oval ,SS Iyer,2,136,71,68,0,0,0,0,0
WI,Queens Park Oval ,P Kumar,2,0,0,0,0,2,45.5,0,0
WI,Queens Park Oval ,A Mishra,2,0,0,0,0,4,17.25,0,0
WI,Queens Park Oval ,Mohammed Shami,2,3,3,0,0,4,22.25,1,0
WI,Queens Park Oval ,HH Pandya,2,4,4,4,0,0,0,1,0
WI,Queens Park Oval ,RR Pant,2,20,20,10,0,0,0,1,0
WI,Queens Park Oval ,MM Patel,2,0,0,0,0,5,16.4,0,0
WI,Queens Park Oval ,PA Patel,2,69,56,34.5,0,0,0,3,3
WI,Queens Park Oval ,YK Pathan,2,10,10,10,0,2,33.5,1,0
WI,Queens Park Oval ,AM Rahane,2,165,103,82.5,1,0,0,0,0
WI,Queens Park Oval ,M Vijay,2,27,27,27,0,0,0,2,0
WI,Queens Park Oval ,Yuvraj Singh,2,18,14,9,0,0,0,0,0
WI,Queens Park Oval ,YS Chahal,1,0,0,0,0,1,32,0,0
WI,Queens Park Oval ,R Vinay Kumar,1,5,5,5,0,0,0,2,0
WI,Sabina Park,S Dhawan,4,50,24,12.5,0,0,0,4,0
WI,Sabina Park,V Kohli,4,218,111,72.66,1,0,0,1,0
WI,Sabina Park,R Ashwin,3,17,8,17,0,3,53.66,1,0
WI,Sabina Park,RA Jadeja,3,64,49,64,0,0,0,0,0
WI,Sabina Park,KD Karthik,3,95,50,47.5,0,0,0,1,0
WI,Sabina Park,SK Raina,3,77,44,25.66,0,1,49,1,0
WI,Sabina Park,I Sharma,3,2,2,1,0,2,84,1,0
WI,Sabina Park,RG Sharma,3,122,60,40.66,0,0,0,0,0
WI,Sabina Park,UT Yadav,3,0,0,0,0,6,26.66,1,0
WI,Sabina Park,MS Dhoni,2,27,27,27,0,0,0,2,0
WI,Sabina Park,Mohammed Shami,2,0,0,0,0,4,29,0,0
WI,Sabina Park,KM Jadhav,1,0,0,0,0,1,13,1,0
WI,Sabina Park,Kuldeep Yadav,1,0,0,0,0,0,0,1,0
WI,Sabina Park,B Kumar,1,11,11,0,0,1,36,0,0
WI,Sabina Park,A Mishra,1,0,0,0,0,2,23,1,0
WI,Sabina Park,HH Pandya,1,0,0,0,0,1,27,0,0
WI,Sabina Park,PA Patel,1,6,6,6,0,0,0,0,1
WI,Sabina Park,YK Pathan,1,30,30,30,0,0,0,0,0
WI,Sabina Park,AM Rahane,1,39,39,39,0,0,0,1,0
WI,Sabina Park,MK Tiwary,1,22,22,22,0,0,0,0,0
WI,Sabina Park,M Vijay,1,30,30,30,0,0,0,0,0
WI,Sabina Park,R Vinay Kumar,1,2,2,2,0,1,46,0,0
WI,Sir Vivian Richards Stadium,V Kohli,4,36,22,9,0,0,0,4,0
WI,Sir Vivian Richards Stadium,S Dhawan,3,11,5,3.66,0,0,0,1,0
WI,Sir Vivian Richards Stadium,R Ashwin,2,15,15,15,0,4,16.75,0,0
WI,Sir Vivian Richards Stadium,S Badrinath,2,23,12,11.5,0,0,0,0,0
WI,Sir Vivian Richards Stadium,MS Dhoni,2,132,78,132,0,0,0,2,1
WI,Sir Vivian Richards Stadium,KM Jadhav,2,50,40,50,0,1,0,2,0
WI,Sir Vivian Richards Stadium,Kuldeep Yadav,2,2,2,0,0,5,14.4,0,0
WI,Sir Vivian Richards Stadium,P Kumar,2,31,25,31,0,3,27.66,0,0
WI,Sir Vivian Richards Stadium,A Mishra,2,5,5,0,0,5,16.8,0,0
WI,Sir Vivian Richards Stadium,HH Pandya,2,20,20,20,0,5,14.4,2,0
WI,Sir Vivian Richards Stadium,PA Patel,2,72,46,36,0,0,0,3,1
WI,Sir Vivian Richards Stadium,YK Pathan,2,2,1,1,0,0,0,0,0
WI,Sir Vivian Richards Stadium,AM Rahane,2,132,72,66,0,0,0,0,0
WI,Sir Vivian Richards Stadium,SK Raina,2,13,10,6.5,0,0,0,0,0
WI,Sir Vivian Richards Stadium,RG Sharma,2,125,86,125,0,0,0,0,0
WI,Sir Vivian Richards Stadium,UT Yadav,2,0,0,0,0,4,17,2,0
WI,Sir Vivian Richards Stadium,Harbhajan Singh,1,41,41,41,0,1,24,0,0
WI,Sir Vivian Richards Stadium,RA Jadeja,1,11,11,11,0,0,0,2,0
WI,Sir Vivian Richards Stadium,KD Karthik,1,2,2,2,0,0,0,0,0
WI,Sir Vivian Richards Stadium,B Kumar,1,0,0,0,0,0,0,0,0
WI,Sir Vivian Richards Stadium,Mohammed Shami,1,1,1,1,0,0,0,0,0
WI,Sir Vivian Richards Stadium,MM Patel,1,0,0,0,0,3,20,0,0
WI,Sir Vivian Richards Stadium,I Sharma,1,0,0,0,0,1,60,1,0
WI,Sir Vivian Richards Stadium,MK Tiwary,1,2,2,2,0,0,0,3,0
WI,Sir Vivian Richards Stadium,Yuvraj Singh,1,39,39,39,0,0,0,0,0
